{"cameraMode":{"drawMode":0,"name":"Shaded","section":"Shading Mode"},"sceneLighting":true,"audioPlay":false,"sceneViewState":{"showFog":true,"showMaterialUpdate":true,"showSkybox":true,"showFlares":true,"showImageEffects":true,"showParticleSystems":true},"in2DMode":false,"pivot":{"x":217.04400634765626,"y":69.98087310791016,"z":-384.1787109375},"rotation":{"x":0.02232101745903492,"y":-0.9198737740516663,"z":0.38816171884536745,"w":0.05261778458952904},"size":407.8765563964844,"orthographic":false}